vdot,intensity,distance_m,seconds
30,E,1000,472.0
30,E,1609.34,760.0
30,I,400,142.0
30,M,1000,423.0
30,M,1609.34,681.0
30,R,200,67.0
30,R,300,101.0
30,T,400,153.0
30,T,800,307.0
30,T,1000,384.0
30,T,1609.34,618.0
31,E,1000,461.0
31,E,1609.34,742.0
31,I,400,138.0
31,M,1000,412.0
31,M,1609.34,662.0
31,R,200,65.0
31,R,300,98.0
31,T,400,150.0
31,T,800,299.0
31,T,1000,374.0
31,T,1609.34,602.0
32,E,1000,450.0
32,E,1609.34,724.0
32,I,400,134.0
32,M,1000,400.0
32,M,1609.34,644.0
32,R,200,63.0
32,R,300,95.0
32,T,400,146.0
32,T,800,292.0
32,T,1000,365.0
32,T,1609.34,587.0
33,E,1000,440.0
33,E,1609.34,708.0
33,I,400,131.0
33,M,1000,390.0
33,M,1609.34,627.0
33,R,200,61.0
33,R,300,92.0
33,T,400,143.0
33,T,800,285.0
33,T,1000,356.0
33,T,1609.34,573.0
34,E,1000,430.0
34,E,1609.34,692.0
34,I,400,128.0
34,M,1000,380.0
34,M,1609.34,611.0
34,R,200,60.0
34,R,300,90.0
34,R,400,120.0
34,T,400,139.0
34,T,800,278.0
34,T,1000,348.0
34,T,1609.34,560.0
35,E,1000,421.0
35,E,1609.34,677.0
35,I,400,125.0
35,M,1000,370.0
35,M,1609.34,596.0
35,R,200,58.0
35,R,300,87.0
35,R,400,119.0
35,T,400,136.0
35,T,800,272.0
35,T,1000,340.0
35,T,1609.34,547.0
36,E,1000,412.0
36,E,1609.34,662.0
36,I,400,122.0
36,M,1000,361.0
36,M,1609.34,581.0
36,R,200,57.0
36,R,300,85.0
36,R,400,115.0
36,T,400,133.0
36,T,800,266.0
36,T,1000,333.0
36,T,1609.34,535.0
37,E,1000,403.0
37,E,1609.34,649.0
37,I,400,119.0
37,M,1000,353.0
37,M,1609.34,568.0
37,R,200,55.0
37,R,300,83.0
37,R,400,113.0
37,T,400,130.0
37,T,800,260.0
37,T,1000,325.0
37,T,1609.34,524.0
38,E,1000,395.0
38,E,1609.34,635.0
38,I,400,116.0
38,I,1000,294.0
38,M,1000,345.0
38,M,1609.34,555.0
38,R,200,54.0
38,R,300,81.0
38,R,400,110.0
38,T,400,127.0
38,T,800,255.0
38,T,1000,319.0
38,T,1609.34,513.0
39,E,1000,387.0
39,E,1609.34,623.0
39,I,400,114.0
39,I,1000,288.0
39,M,1000,337.0
39,M,1609.34,542.0
39,R,200,53.0
39,R,300,80.0
39,R,400,108.0
39,T,400,125.0
39,T,800,250.0
39,T,1000,312.0
39,T,1609.34,502.0
40,E,1000,379.0
40,E,1609.34,611.0
40,I,400,112.0
40,I,1000,282.0
40,M,1000,329.0
40,M,1609.34,530.0
40,R,200,52.0
40,R,300,78.0
40,R,400,106.0
40,T,400,122.0
40,T,800,245.0
40,T,1000,306.0
40,T,1609.34,492.0
41,E,1000,372.0
41,E,1609.34,599.0
41,I,400,110.0
41,I,1000,276.0
41,M,1000,322.0
41,M,1609.34,519.0
41,R,200,51.0
41,R,300,77.0
41,R,400,104.0
41,T,400,120.0
41,T,800,240.0
41,T,1000,300.0
41,T,1609.34,482.0
42,E,1000,365.0
42,E,1609.34,588.0
42,I,400,108.0
42,I,1000,271.0
42,M,1000,316.0
42,M,1609.34,508.0
42,R,200,50.0
42,R,300,75.0
42,R,400,102.0
42,T,400,117.0
42,T,800,235.0
42,T,1000,294.0
42,T,1609.34,472.0
43,E,1000,358.0
43,E,1609.34,577.0
43,I,400,106.0
43,I,1000,266.0
43,M,1000,309.0
43,M,1609.34,497.0
43,R,200,49.0
43,R,300,74.0
43,R,400,100.0
43,T,400,115.0
43,T,800,231.0
43,T,1000,289.0
43,T,1609.34,462.0
44,E,1000,352.0
44,E,1609.34,567.0
44,I,400,104.0
44,I,1000,261.0
44,M,1000,303.0
44,M,1609.34,487.0
44,R,200,48.0
44,R,300,72.0
44,R,400,98.0
44,T,400,113.0
44,T,800,226.0
44,T,1000,283.0
44,T,1609.34,453.0
45,E,1000,346.0
45,E,1609.34,557.0
45,I,400,102.0
45,I,1000,256.0
45,M,1000,297.0
45,M,1609.34,478.0
45,R,200,47.0
45,R,300,71.0
45,R,400,96.0
45,T,400,111.0
45,T,800,222.0
45,T,1000,278.0
45,T,1609.34,445.0
46,E,1000,340.0
46,E,1609.34,547.0
46,I,400,100.0
46,I,1000,252.0
46,I,1200,300.0
46,M,1000,291.0
46,M,1609.34,469.0
46,R,200,46.0
46,R,300,69.0
46,R,400,94.0
46,T,400,109.0
46,T,800,218.0
46,T,1000,273.0
46,T,1609.34,437.0
47,E,1000,334.0
47,E,1609.34,538.0
47,I,400,98.0
47,I,1000,247.0
47,I,1200,294.0
47,M,1000,286.0
47,M,1609.34,460.0
47,R,200,45.0
47,R,300,68.0
47,R,400,92.0
47,T,400,107.0
47,T,800,215.0
47,T,1000,269.0
47,T,1609.34,429.0
48,E,1000,328.0
48,E,1609.34,529.0
48,I,400,96.0
48,I,1000,243.0
48,I,1200,289.0
48,M,1000,281.0
48,M,1609.34,452.0
48,R,200,44.0
48,R,300,67.0
48,R,400,90.0
48,T,400,105.0
48,T,800,211.0
48,T,1000,264.0
48,T,1609.34,422.0
49,E,1000,323.0
49,E,1609.34,520.0
49,I,400,95.0
49,I,1000,239.0
49,I,1200,285.0
49,M,1000,266.0
49,M,1609.34,444.0
49,R,200,44.0
49,R,300,66.0
49,R,400,89.0
49,T,400,103.0
49,T,800,208.0
49,T,1000,260.0
49,T,1609.34,416.0
50,E,1000,318.0
50,E,1609.34,512.0
50,I,400,93.0
50,I,1000,235.0
50,I,1200,281.0
50,M,1000,271.0
50,M,1609.34,437.0
50,R,200,43.0
50,R,300,65.0
50,R,400,87.0
50,T,400,102.0
50,T,800,204.0
50,T,1000,255.0
50,T,1609.34,410.0
51,E,1000,313.0
51,E,1609.34,504.0
51,I,400,92.0
51,I,1000,231.0
51,I,1200,276.0
51,M,1000,267.0
51,M,1609.34,429.0
51,R,200,43.0
51,R,300,64.0
51,R,400,86.0
51,T,400,100.0
51,T,800,201.0
51,T,1000,251.0
51,T,1609.34,404.0
52,E,1000,308.0
52,E,1609.34,496.0
52,I,400,91.0
52,I,1000,228.0
52,I,1200,273.0
52,M,1000,262.0
52,M,1609.34,422.0
52,R,200,42.0
52,R,300,64.0
52,R,400,85.0
52,T,400,98.0
52,T,800,197.0
52,T,1000,247.0
52,T,1609.34,398.0
53,E,1000,304.0
53,E,1609.34,489.0
53,I,400,90.0
53,I,1000,224.0
53,I,1200,269.0
53,M,1000,258.0
53,M,1609.34,416.0
53,R,200,42.0
53,R,300,63.0
53,R,400,84.0
53,T,400,97.0
53,T,800,195.0
53,T,1000,244.0
53,T,1609.34,392.0
54,E,1000,299.0
54,E,1609.34,481.0
54,I,400,88.0
54,I,1000,221.0
54,I,1200,265.0
54,M,1000,254.0
54,M,1609.34,409.0
54,R,200,41.0
54,R,300,62.0
54,R,400,82.0
54,T,400,95.0
54,T,800,192.0
54,T,1000,240.0
54,T,1609.34,386.0
55,E,1000,295.0
55,E,1609.34,474.0
55,I,400,87.0
55,I,1000,217.0
55,I,1200,261.0
55,M,1000,250.0
55,M,1609.34,403.0
55,R,200,40.0
55,R,300,61.0
55,R,400,81.0
55,T,400,94.0
55,T,800,189.0
55,T,1000,236.0
55,T,1609.34,380.0
56,E,1000,290.0
56,E,1609.34,468.0
56,I,400,86.0
56,I,1000,214.0
56,I,1200,258.0
56,M,1000,246.0
56,M,1609.34,397.0
56,R,200,40.0
56,R,300,60.0
56,R,400,80.0
56,R,600,120.0
56,T,400,93.0
56,T,800,186.0
56,T,1000,233.0
56,T,1609.34,375.0
57,E,1000,286.0
57,E,1609.34,461.0
57,I,400,85.0
57,I,1000,211.0
57,I,1200,255.0
57,M,1000,243.0
57,M,1609.34,391.0
57,R,200,39.0
57,R,300,59.0
57,R,400,79.0
57,R,600,117.0
57,T,400,91.0
57,T,800,184.0
57,T,1000,230.0
57,T,1609.34,369.0
58,E,1000,282.0
58,E,1609.34,454.0
58,I,400,83.0
58,I,1000,208.0
58,I,1200,250.0
58,M,1000,239.0
58,M,1609.34,385.0
58,R,200,38.0
58,R,300,58.0
58,R,400,77.0
58,R,600,114.0
58,T,400,90.0
58,T,800,180.0
58,T,1000,225.0
58,T,1609.34,364.0
59,E,1000,278.0
59,E,1609.34,448.0
59,I,400,82.0
59,I,1000,205.0
59,I,1200,247.0
59,M,1000,239.0
59,M,1609.34,379.0
59,R,200,38.0
59,R,300,57.0
59,R,400,76.0
59,R,600,111.0
59,T,400,89.0
59,T,800,178.0
59,T,1000,223.0
59,T,1609.34,359.0
60,E,1000,275.0
60,E,1609.34,442.0
60,I,400,81.0
60,I,1000,203.0
60,I,1200,243.0
60,M,1000,232.0
60,M,1609.34,374.0
60,R,200,37.0
60,R,300,56.0
60,R,400,75.0
60,R,600,108.0
60,T,400,88.0
60,T,800,176.0
60,T,1000,220.0
60,T,1609.34,354.0
61,E,1000,271.0
61,E,1609.34,436.0
61,I,400,80.0
61,I,1000,200.0
61,I,1200,240.0
61,M,1000,229.0
61,M,1609.34,369.0
61,R,200,37.0
61,R,300,55.0
61,R,400,74.0
61,R,600,106.0
61,T,400,86.0
61,T,800,173.0
61,T,1000,217.0
61,T,1609.34,350.0
62,E,1000,267.0
62,E,1609.34,431.0
62,I,400,79.0
62,I,1000,197.0
62,I,1200,237.0
62,M,1000,226.0
62,M,1609.34,364.0
62,R,200,36.0
62,R,300,54.0
62,R,400,73.0
62,R,600,104.0
62,T,400,85.0
62,T,800,171.0
62,T,1000,214.0
62,T,1609.34,345.0
63,E,1000,264.0
63,E,1609.34,425.0
63,I,400,78.0
63,I,1000,195.0
63,I,1200,234.0
63,M,1000,223.0
63,M,1609.34,359.0
63,R,200,36.0
63,R,300,53.0
63,R,400,72.0
63,R,600,102.0
63,T,400,84.0
63,T,800,169.0
63,T,1000,212.0
63,T,1609.34,341.0
64,E,1000,261.0
64,E,1609.34,420.0
64,I,400,77.0
64,I,1000,192.0
64,I,1200,231.0
64,M,1000,220.0
64,M,1609.34,354.0
64,R,200,35.0
64,R,300,52.0
64,R,400,71.0
64,R,600,100.0
64,T,400,83.0
64,T,800,167.0
64,T,1000,209.0
64,T,1609.34,336.0
65,E,1000,258.0
65,E,1609.34,414.0
65,I,400,76.0
65,I,1000,190.0
65,I,1200,228.0
65,M,1000,217.0
65,M,1609.34,349.0
65,R,200,35.0
65,R,300,52.0
65,R,400,70.0
65,R,600,98.0
65,T,400,82.0
65,T,800,165.0
65,T,1000,206.0
65,T,1609.34,332.0
66,E,1000,254.0
66,E,1609.34,409.0
66,I,400,75.0
66,I,1000,188.0
66,I,1200,225.0
66,I,1609.34,300.0
66,M,1000,214.0
66,M,1609.34,345.0
66,R,200,34.0
66,R,300,51.0
66,R,400,69.0
66,R,600,96.0
66,T,400,81.0
66,T,800,163.0
66,T,1000,204.0
66,T,1609.34,328.0
67,E,1000,251.0
67,E,1609.34,404.0
67,I,400,74.0
67,I,1000,185.0
67,I,1200,222.0
67,I,1609.34,297.0
67,M,1000,211.0
67,M,1609.34,340.0
67,R,200,34.0
67,R,300,51.0
67,R,400,68.0
67,R,600,94.0
67,T,400,80.0
67,T,800,161.0
67,T,1000,201.0
67,T,1609.34,324.0
68,E,1000,248.0
68,E,1609.34,399.0
68,I,400,73.0
68,I,1000,183.0
68,I,1200,219.0
68,I,1609.34,293.0
68,M,1000,209.0
68,M,1609.34,336.0
68,R,200,33.0
68,R,300,50.0
68,R,400,67.0
68,R,600,92.0
68,T,400,79.0
68,T,800,159.0
68,T,1000,199.0
68,T,1609.34,320.0
69,E,1000,245.0
69,E,1609.34,395.0
69,I,400,72.0
69,I,1000,181.0
69,I,1200,216.0
69,I,1609.34,290.0
69,M,1000,206.0
69,M,1609.34,332.0
69,R,200,33.0
69,R,300,49.0
69,R,400,66.0
69,R,600,90.0
69,T,400,78.0
69,T,800,157.0
69,T,1000,196.0
69,T,1609.34,316.0
70,E,1000,242.0
70,E,1609.34,390.0
70,I,400,71.0
70,I,1000,179.0
70,I,1200,214.0
70,I,1609.34,286.0
70,M,1000,204.0
70,M,1609.34,328.0
70,R,200,32.0
70,R,300,48.0
70,R,400,65.0
70,R,600,89.0
70,T,400,77.0
70,T,800,155.0
70,T,1000,194.0
70,T,1609.34,313.0
71,E,1000,240.0
71,E,1609.34,386.0
71,I,400,70.0
71,I,1000,177.0
71,I,1200,211.0
71,I,1609.34,283.0
71,M,1000,201.0
71,M,1609.34,324.0
71,R,200,32.0
71,R,300,48.0
71,R,400,64.0
71,R,600,88.0
71,T,400,76.0
71,T,800,153.0
71,T,1000,192.0
71,T,1609.34,309.0
72,E,1000,237.0
72,E,1609.34,381.0
72,I,400,69.0
72,I,1000,175.0
72,I,1200,209.0
72,I,1609.34,280.0
72,M,1000,199.0
72,M,1609.34,320.0
72,R,200,31.0
72,R,300,47.0
72,R,400,63.0
72,R,600,87.0
72,T,400,76.0
72,T,800,152.0
72,T,1000,190.0
72,T,1609.34,305.0
73,E,1000,234.0
73,E,1609.34,377.0
73,I,400,69.0
73,I,1000,173.0
73,I,1200,207.0
73,I,1609.34,277.0
73,M,1000,196.0
73,M,1609.34,316.0
73,R,200,31.0
73,R,300,47.0
73,R,400,62.0
73,R,600,86.0
73,T,400,75.0
73,T,800,150.0
73,T,1000,188.0
73,T,1609.34,302.0
74,E,1000,232.0
74,E,1609.34,373.0
74,I,400,68.0
74,I,1000,171.0
74,I,1200,205.0
74,I,1609.34,274.0
74,M,1000,194.0
74,M,1609.34,312.0
74,R,200,31.0
74,R,300,46.0
74,R,400,62.0
74,R,600,85.0
74,T,400,74.0
74,T,800,149.0
74,T,1000,186.0
74,T,1609.34,299.0
75,E,1000,229.0
75,E,1609.34,369.0
75,I,400,67.0
75,I,1000,169.0
75,I,1200,202.0
75,I,1609.34,271.0
75,M,1000,192.0
75,M,1609.34,309.0
75,R,200,30.0
75,R,300,46.0
75,R,400,61.0
75,R,600,84.0
75,T,400,74.0
75,T,800,147.0
75,T,1000,184.0
75,T,1609.34,296.0
76,E,1000,227.0
76,E,1609.34,365.0
76,I,400,66.0
76,I,1000,168.0
76,I,1200,200.0
76,I,1609.34,268.0
76,M,1000,190.0
76,M,1609.34,305.0
76,R,200,30.0
76,R,300,45.0
76,R,400,60.0
76,R,600,82.0
76,T,400,73.0
76,T,800,146.0
76,T,1000,182.0
76,T,1609.34,292.0
77,E,1000,224.0
77,E,1609.34,361.0
77,I,400,65.0
77,I,1000,166.0
77,I,1200,198.0
77,I,1609.34,265.0
77,M,1000,188.0
77,M,1609.34,301.0
77,R,200,29.0
77,R,300,45.0
77,R,400,59.0
77,R,600,81.0
77,R,800,120.0
77,T,400,72.0
77,T,800,144.0
77,T,1000,180.0
77,T,1609.34,289.0
78,E,1000,222.0
78,E,1609.34,357.0
78,I,400,65.0
78,I,1000,164.0
78,I,1200,196.0
78,I,1609.34,263.0
78,M,1000,186.0
78,M,1609.34,298.0
78,R,200,29.0
78,R,300,44.0
78,R,400,59.0
78,R,600,80.0
78,R,800,119.0
78,T,400,71.0
78,T,800,142.0
78,T,1000,178.0
78,T,1609.34,286.0
79,E,1000,220.0
79,E,1609.34,354.0
79,I,400,64.0
79,I,1000,162.0
79,I,1200,194.0
79,I,1609.34,260.0
79,M,1000,183.0
79,M,1609.34,295.0
79,R,200,29.0
79,R,300,44.0
79,R,400,58.0
79,R,600,79.0
79,R,800,118.0
79,T,400,70.0
79,T,800,141.0
79,T,1000,176.0
79,T,1609.34,283.0
80,E,1000,218.0
80,E,1609.34,350.0
80,I,400,64.0
80,I,1000,161.0
80,I,1200,192.0
80,I,1609.34,257.0
80,M,1000,181.0
80,M,1609.34,292.0
80,R,200,29.0
80,R,300,43.0
80,R,400,58.0
80,R,600,78.0
80,R,800,116.0
80,T,400,70.0
80,T,800,139.0
80,T,1000,174.0
80,T,1609.34,281.0
81,E,1000,215.0
81,E,1609.34,346.0
81,I,400,63.0
81,I,1000,159.0
81,I,1200,190.0
81,I,1609.34,255.0
81,M,1000,180.0
81,M,1609.34,289.0
81,R,200,28.0
81,R,300,43.0
81,R,400,57.0
81,R,600,77.0
81,R,800,115.0
81,T,400,69.0
81,T,800,138.0
81,T,1000,173.0
81,T,1609.34,278.0
82,E,1000,213.0
82,E,1609.34,343.0
82,I,400,62.0
82,I,1000,158.0
82,I,1200,188.0
82,I,1609.34,252.0
82,M,1000,178.0
82,M,1609.34,286.0
82,R,200,28.0
82,R,300,42.0
82,R,400,56.0
82,R,600,76.0
82,R,800,114.0
82,T,400,68.0
82,T,800,137.0
82,T,1000,171.0
82,T,1609.34,275.0
83,E,1000,211.0
83,E,1609.34,340.0
83,I,400,62.0
83,I,1000,156.0
83,I,1200,187.0
83,I,1609.34,250.0
83,M,1000,176.0
83,M,1609.34,283.0
83,R,200,28.0
83,R,300,42.0
83,R,400,56.0
83,R,600,75.0
83,R,800,113.0
83,T,400,68.0
83,T,800,135.0
83,T,1000,169.0
83,T,1609.34,272.0
84,E,1000,209.0
84,E,1609.34,336.0
84,I,400,61.0
84,I,1000,155.0
84,I,1200,185.0
84,I,1609.34,248.0
84,M,1000,174.0
84,M,1609.34,280.0
84,R,200,27.0
84,R,300,41.0
84,R,400,55.0
84,R,600,74.0
84,R,800,112.0
84,T,400,67.0
84,T,800,134.0
84,T,1000,168.0
84,T,1609.34,270.0
85,E,1000,207.0
85,E,1609.34,333.0
85,I,400,61.0
85,I,1000,153.0
85,I,1200,183.0
85,I,1609.34,245.0
85,M,1000,172.0
85,M,1609.34,277.0
85,R,200,27.0
85,R,300,41.0
85,R,400,55.0
85,R,600,73.0
85,R,800,111.0
85,T,400,66.0
85,T,800,133.0
85,T,1000,166.0
85,T,1609.34,267.0
