vdot,distance_m,seconds
30,1500,510.0
30,1609.34,551.0
30,3000,1076.0
30,3218.69,1159.0
30,5000,1840.0
30,8000,3032.0
30,8045.47,3050.0
30,10000,3826.0
30,15000,5894.0
30,16093.4,6355.0
30,20000,8001.0
30,21097.5,8464.0
30,25000,10109.0
30,30000,12217.0
30,42195.0,17357.0
31,1500,495.0
31,1609.34,535.0
31,3000,1047.0
31,3218.69,1128.0
31,5000,1791.0
31,8000,2950.0
31,8045.47,2968.0
31,10000,3723.0
31,15000,5736.0
31,16093.4,6185.0
31,20000,7790.0
31,21097.5,8241.0
31,25000,9846.0
31,30000,11902.0
31,42195.0,16917.0
32,1500,482.0
32,1609.34,521.0
32,3000,1019.0
32,3218.69,1098.0
32,5000,1745.0
32,8000,2874.0
32,8045.47,2891.0
32,10000,3626.0
32,15000,5587.0
32,16093.4,6025.0
32,20000,7589.0
32,21097.5,8029.0
32,25000,9596.0
32,30000,11603.0
32,42195.0,16499.0
33,1500,469.0
33,1609.34,507.0
33,3000,993.0
33,3218.69,1070.0
33,5000,1701.0
33,8000,2801.0
33,8045.47,2818.0
33,10000,3534.0
33,15000,5445.0
33,16093.4,5872.0
33,20000,7398.0
33,21097.5,7827.0
33,25000,9358.0
33,30000,11319.0
33,42195.0,16102.0
34,1500,457.0
34,1609.34,494.0
34,3000,969.0
34,3218.69,1044.0
34,5000,1659.0
34,8000,2731.0
34,8045.47,2748.0
34,10000,3446.0
34,15000,5310.0
34,16093.4,5727.0
34,20000,7217.0
34,21097.5,7636.0
34,25000,9132.0
34,30000,11048.0
34,42195.0,15723.0
35,1500,445.0
35,1609.34,481.0
35,3000,945.0
35,3218.69,1018.0
35,5000,1620.0
35,8000,2666.0
35,8045.47,2682.0
35,10000,3363.0
35,15000,5182.0
35,16093.4,5589.0
35,20000,7044.0
35,21097.5,7453.0
35,25000,8916.0
35,30000,10791.0
35,42195.0,15363.0
36,1500,434.0
36,1609.34,469.0
36,3000,923.0
36,3218.69,994.0
36,5000,1582.0
36,8000,2603.0
36,8045.47,2619.0
36,10000,3284.0
36,15000,5060.0
36,16093.4,5458.0
36,20000,6880.0
36,21097.5,7279.0
36,25000,8711.0
36,30000,10545.0
36,42195.0,15019.0
37,1500,424.0
37,1609.34,458.0
37,3000,901.0
37,3218.69,971.0
37,5000,1546.0
37,8000,2544.0
37,8045.47,2559.0
37,10000,3209.0
37,15000,4944.0
37,16093.4,5333.0
37,20000,6723.0
37,21097.5,7114.0
37,25000,8515.0
37,30000,10311.0
37,42195.0,14690.0
38,1500,414.0
38,1609.34,447.0
38,3000,881.0
38,3218.69,949.0
38,5000,1512.0
38,8000,2487.0
38,8045.47,2502.0
38,10000,3137.0
38,15000,4833.0
38,16093.4,5214.0
38,20000,6573.0
38,21097.5,6955.0
38,25000,8328.0
38,30000,10086.0
38,42195.0,14375.0
39,1500,404.0
39,1609.34,437.0
39,3000,861.0
39,3218.69,929.0
39,5000,1479.0
39,8000,2433.0
39,8045.47,2448.0
39,10000,3069.0
39,15000,4727.0
39,16093.4,5099.0
39,20000,6430.0
39,21097.5,6804.0
39,25000,8149.0
39,30000,9872.0
39,42195.0,14074.0
40,1500,395.0
40,1609.34,427.0
40,3000,843.0
40,3218.69,908.0
40,5000,1448.0
40,8000,2381.0
40,8045.47,2396.0
40,10000,3003.0
40,15000,4626.0
40,16093.4,4991.0
40,20000,6293.0
40,21097.5,6659.0
40,25000,7977.0
40,30000,9666.0
40,42195.0,13785.0
41,1500,387.0
41,1609.34,418.0
41,3000,825.0
41,3218.69,889.0
41,5000,1418.0
41,8000,2332.0
41,8045.47,2346.0
41,10000,2941.0
41,15000,4529.0
41,16093.4,4886.0
41,20000,6162.0
41,21097.5,6520.0
41,25000,7813.0
41,30000,9469.0
41,42195.0,13509.0
42,1500,379.0
42,1609.34,409.0
42,3000,808.0
42,3218.69,871.0
42,5000,1389.0
42,8000,2284.0
42,8045.47,2298.0
42,10000,2881.0
42,15000,4436.0
42,16093.4,4786.0
42,20000,6036.0
42,21097.5,6387.0
42,25000,7655.0
42,30000,9280.0
42,42195.0,13243.0
43,1500,371.0
43,1609.34,401.0
43,3000,791.0
43,3218.69,853.0
43,5000,1361.0
43,8000,2239.0
43,8045.47,2252.0
43,10000,2824.0
43,15000,4347.0
43,16093.4,4690.0
43,20000,5916.0
43,21097.5,6260.0
43,25000,7505.0
43,30000,9099.0
43,42195.0,12988.0
44,1500,363.0
44,1609.34,392.0
44,3000,775.0
44,3218.69,836.0
44,5000,1335.0
44,8000,2195.0
44,8045.47,2209.0
44,10000,2769.0
44,15000,4262.0
44,16093.4,4598.0
44,20000,5800.0
44,21097.5,6137.0
44,25000,7359.0
44,30000,8925.0
44,42195.0,12743.0
45,1500,356.0
45,1609.34,385.0
45,3000,760.0
45,3218.69,820.0
45,5000,1310.0
45,8000,2154.0
45,8045.47,2167.0
45,10000,2716.0
45,15000,4180.0
45,16093.4,4510.0
45,20000,5689.0
45,21097.5,6020.0
45,25000,7220.0
45,30000,8757.0
45,42195.0,12506.0
46,1500,349.0
46,1609.34,377.0
46,3000,746.0
46,3218.69,805.0
46,5000,1285.0
46,8000,2113.0
46,8045.47,2126.0
46,10000,2665.0
46,15000,4102.0
46,16093.4,4426.0
46,20000,5582.0
46,21097.5,5907.0
46,25000,7086.0
46,30000,8596.0
46,42195.0,12279.0
47,1500,342.0
47,1609.34,370.0
47,3000,732.0
47,3218.69,790.0
47,5000,1262.0
47,8000,2074.0
47,8045.47,2087.0
47,10000,2616.0
47,15000,4026.0
47,16093.4,4344.0
47,20000,5479.0
47,21097.5,5798.0
47,25000,6956.0
47,30000,8440.0
47,42195.0,12060.0
48,1500,336.0
48,1609.34,363.0
48,3000,718.0
48,3218.69,775.0
48,5000,1239.0
48,8000,2038.0
48,8045.47,2050.0
48,10000,2570.0
48,15000,3953.0
48,16093.4,4265.0
48,20000,5380.0
48,21097.5,5693.0
48,25000,6832.0
48,30000,8291.0
48,42195.0,11849.0
49,1500,330.0
49,1609.34,356.0
49,3000,705.0
49,3218.69,761.0
49,5000,1218.0
49,8000,2002.0
49,8045.47,2014.0
49,10000,2524.0
49,15000,3884.0
49,16093.4,4190.0
49,20000,5285.0
49,21097.5,5592.0
49,25000,6712.0
49,30000,8147.0
49,42195.0,11646.0
50,1500,324.0
50,1609.34,350.0
50,3000,693.0
50,3218.69,748.0
50,5000,1197.0
50,8000,1967.0
50,8045.47,1979.0
50,10000,2481.0
50,15000,3816.0
50,16093.4,4117.0
50,20000,5193.0
50,21097.5,5495.0
50,25000,6596.0
50,30000,8007.0
50,42195.0,11449.0
51,1500,318.0
51,1609.34,344.0
51,3000,681.0
51,3218.69,735.0
51,5000,1176.0
51,8000,1934.0
51,8045.47,1946.0
51,10000,2439.0
51,15000,3751.0
51,16093.4,4047.0
51,20000,5105.0
51,21097.5,5402.0
51,25000,6485.0
51,30000,7873.0
51,42195.0,11259.0
52,1500,313.0
52,1609.34,338.0
52,3000,669.0
52,3218.69,722.0
52,5000,1157.0
52,8000,1902.0
52,8045.47,1914.0
52,10000,2399.0
52,15000,3689.0
52,16093.4,3980.0
52,20000,5019.0
52,21097.5,5311.0
52,25000,6377.0
52,30000,7744.0
52,42195.0,11076.0
53,1500,307.0
53,1609.34,332.0
53,3000,658.0
53,3218.69,710.0
53,5000,1138.0
53,8000,1871.0
53,8045.47,1883.0
53,10000,2360.0
53,15000,3628.0
53,16093.4,3914.0
53,20000,4937.0
53,21097.5,5224.0
53,25000,6274.0
53,30000,7619.0
53,42195.0,10899.0
54,1500,302.0
54,1609.34,327.0
54,3000,647.0
54,3218.69,699.0
54,5000,1120.0
54,8000,1841.0
54,8045.47,1852.0
54,10000,2322.0
54,15000,3570.0
54,16093.4,3852.0
54,20000,4857.0
54,21097.5,5140.0
54,25000,6173.0
54,30000,7498.0
54,42195.0,10727.0
55,1500,297.0
55,1609.34,321.0
55,3000,637.0
55,3218.69,688.0
55,5000,1102.0
55,8000,1812.0
55,8045.47,1823.0
55,10000,2286.0
55,15000,3513.0
55,16093.4,3790.0
55,20000,4780.0
55,21097.5,5058.0
55,25000,6076.0
55,30000,7380.0
55,42195.0,10561.0
56,1500,293.0
56,1609.34,316.0
56,3000,627.0
56,3218.69,677.0
56,5000,1085.0
56,8000,1785.0
56,8045.47,1795.0
56,10000,2251.0
56,15000,3459.0
56,16093.4,3732.0
56,20000,4706.0
56,21097.5,4980.0
56,25000,5983.0
56,30000,7267.0
56,42195.0,10400.0
57,1500,288.0
57,1609.34,311.0
57,3000,617.0
57,3218.69,666.0
57,5000,1069.0
57,8000,1758.0
57,8045.47,1769.0
57,10000,2217.0
57,15000,3406.0
57,16093.4,3674.0
57,20000,4634.0
57,21097.5,4903.0
57,25000,5891.0
57,30000,7157.0
57,42195.0,10245.0
58,1500,284.0
58,1609.34,306.0
58,3000,608.0
58,3218.69,656.0
58,5000,1053.0
58,8000,1732.0
58,8045.47,1742.0
58,10000,2184.0
58,15000,3355.0
58,16093.4,3620.0
58,20000,4565.0
58,21097.5,4830.0
58,25000,5804.0
58,30000,7051.0
58,42195.0,10094.0
59,1500,279.0
59,1609.34,302.0
59,3000,598.0
59,3218.69,646.0
59,5000,1037.0
59,8000,1706.0
59,8045.47,1716.0
59,10000,2152.0
59,15000,3306.0
59,16093.4,3566.0
59,20000,4497.0
59,21097.5,4758.0
59,25000,5718.0
59,30000,6948.0
59,42195.0,9947.0
60,1500,275.0
60,1609.34,297.0
60,3000,590.0
60,3218.69,637.0
60,5000,1023.0
60,8000,1682.0
60,8045.47,1693.0
60,10000,2122.0
60,15000,3258.0
60,16093.4,3515.0
60,20000,4431.0
60,21097.5,4689.0
60,25000,5635.0
60,30000,6848.0
60,42195.0,9805.0
61,1500,271.0
61,1609.34,293.0
61,3000,581.0
61,3218.69,627.0
61,5000,1008.0
61,8000,1658.0
61,8045.47,1669.0
61,10000,2092.0
61,15000,3212.0
61,16093.4,3465.0
61,20000,4368.0
61,21097.5,4622.0
61,25000,5555.0
61,30000,6751.0
61,42195.0,9668.0
62,1500,267.0
62,1609.34,289.0
62,3000,573.0
62,3218.69,618.0
62,5000,994.0
62,8000,1635.0
62,8045.47,1645.0
62,10000,2063.0
62,15000,3167.0
62,16093.4,3416.0
62,20000,4307.0
62,21097.5,4557.0
62,25000,5478.0
62,30000,6657.0
62,42195.0,9534.0
63,1500,264.0
63,1609.34,285.0
63,3000,565.0
63,3218.69,610.0
63,5000,980.0
63,8000,1613.0
63,8045.47,1623.0
63,10000,2035.0
63,15000,3123.0
63,16093.4,3369.0
63,20000,4247.0
63,21097.5,4494.0
63,25000,5402.0
63,30000,6566.0
63,42195.0,9404.0
64,1500,260.0
64,1609.34,281.0
64,3000,557.0
64,3218.69,601.0
64,5000,967.0
64,8000,1592.0
64,8045.47,1601.0
64,10000,2008.0
64,15000,3081.0
64,16093.4,3323.0
64,20000,4190.0
64,21097.5,4433.0
64,25000,5329.0
64,30000,6477.0
64,42195.0,9278.0
65,1500,256.0
65,1609.34,277.0
65,3000,549.0
65,3218.69,593.0
65,5000,954.0
65,8000,1570.0
65,8045.47,1580.0
65,10000,1981.0
65,15000,3040.0
65,16093.4,3279.0
65,20000,4133.0
65,21097.5,4373.0
65,25000,5258.0
65,30000,6391.0
65,42195.0,9155.0
66,1500,253.0
66,1609.34,273.0
66,3000,542.0
66,3218.69,585.0
66,5000,942.0
66,8000,1550.0
66,8045.47,1559.0
66,10000,1955.0
66,15000,3000.0
66,16093.4,3236.0
66,20000,4079.0
66,21097.5,4316.0
66,25000,5189.0
66,30000,6308.0
66,42195.0,9036.0
67,1500,250.0
67,1609.34,270.0
67,3000,535.0
67,3218.69,577.0
67,5000,929.0
67,8000,1530.0
67,8045.47,1540.0
67,10000,1931.0
67,15000,2962.0
67,16093.4,3195.0
67,20000,4026.0
67,21097.5,4260.0
67,25000,5122.0
67,30000,6226.0
67,42195.0,8920.0
68,1500,246.0
68,1609.34,266.0
68,3000,528.0
68,3218.69,570.0
68,5000,918.0
68,8000,1511.0
68,8045.47,1520.0
68,10000,1906.0
68,15000,2924.0
68,16093.4,3154.0
68,20000,3974.0
68,21097.5,4205.0
68,25000,5056.0
68,30000,6147.0
68,42195.0,8807.0
69,1500,243.0
69,1609.34,263.0
69,3000,521.0
69,3218.69,563.0
69,5000,906.0
69,8000,1492.0
69,8045.47,1501.0
69,10000,1883.0
69,15000,2888.0
69,16093.4,3115.0
69,20000,3924.0
69,21097.5,4152.0
69,25000,4993.0
69,30000,6070.0
69,42195.0,8697.0
70,1500,240.0
70,1609.34,259.0
70,3000,514.0
70,3218.69,556.0
70,5000,895.0
70,8000,1474.0
70,8045.47,1483.0
70,10000,1860.0
70,15000,2852.0
70,16093.4,3076.0
70,20000,3876.0
70,21097.5,4101.0
70,25000,4931.0
70,30000,5995.0
70,42195.0,8590.0
71,1500,237.0
71,1609.34,256.0
71,3000,508.0
71,3218.69,549.0
71,5000,884.0
71,8000,1456.0
71,8045.47,1465.0
71,10000,1838.0
71,15000,2818.0
71,16093.4,3039.0
71,20000,3829.0
71,21097.5,4051.0
71,25000,4871.0
71,30000,5922.0
71,42195.0,8486.0
72,1500,234.0
72,1609.34,253.0
72,3000,502.0
72,3218.69,542.0
72,5000,873.0
72,8000,1439.0
72,8045.47,1448.0
72,10000,1816.0
72,15000,2784.0
72,16093.4,3002.0
72,20000,3783.0
72,21097.5,4002.0
72,25000,4813.0
72,30000,5851.0
72,42195.0,8384.0
73,1500,232.0
73,1609.34,250.0
73,3000,496.0
73,3218.69,535.0
73,5000,863.0
73,8000,1422.0
73,8045.47,1431.0
73,10000,1795.0
73,15000,2751.0
73,16093.4,2967.0
73,20000,3737.0
73,21097.5,3954.0
73,25000,4755.0
73,30000,5782.0
73,42195.0,8285.0
74,1500,229.0
74,1609.34,247.0
74,3000,490.0
74,3218.69,529.0
74,5000,853.0
74,8000,1406.0
74,8045.47,1414.0
74,10000,1774.0
74,15000,2719.0
74,16093.4,2932.0
74,20000,3694.0
74,21097.5,3908.0
74,25000,4700.0
74,30000,5714.0
74,42195.0,8189.0
75,1500,226.0
75,1609.34,244.0
75,3000,484.0
75,3218.69,523.0
75,5000,843.0
75,8000,1390.0
75,8045.47,1398.0
75,10000,1754.0
75,15000,2688.0
75,16093.4,2899.0
75,20000,3652.0
75,21097.5,3863.0
75,25000,4646.0
75,30000,5649.0
75,42195.0,8095.0
76,1500,224.0
76,1609.34,242.0
76,3000,478.0
76,3218.69,517.0
76,5000,834.0
76,8000,1375.0
76,8045.47,1383.0
76,10000,1735.0
76,15000,2658.0
76,16093.4,2866.0
76,20000,3610.0
76,21097.5,3819.0
76,25000,4593.0
76,30000,5585.0
76,42195.0,8003.0
77,1500,221.0
77,1609.34,238.0
77,3000,473.0
77,3218.69,511.0
77,5000,824.0
77,8000,1359.0
77,8045.47,1368.0
77,10000,1716.0
77,15000,2629.0
77,16093.4,2835.0
77,20000,3570.0
77,21097.5,3776.0
77,25000,4541.0
77,30000,5522.0
77,42195.0,7914.0
78,1500,218.8
78,1609.34,236.2
78,3000,468.0
78,3218.69,505.0
78,5000,815.0
78,8000,1344.0
78,8045.47,1352.0
78,10000,1697.0
78,15000,2600.0
78,16093.4,2804.0
78,20000,3531.0
78,21097.5,3735.0
78,25000,4492.0
78,30000,5462.0
78,42195.0,7827.0
79,1500,216.5
79,1609.34,233.7
79,3000,463.0
79,3218.69,500.0
79,5000,806.0
79,8000,1330.0
79,8045.47,1338.0
79,10000,1679.0
79,15000,2572.0
79,16093.4,2773.0
79,20000,3492.0
79,21097.5,3694.0
79,25000,4443.0
79,30000,5402.0
79,42195.0,7742.0
80,1500,214.2
80,1609.34,231.2
80,3000,457.5
80,3218.69,494.2
80,5000,798.0
80,8000,1316.0
80,8045.47,1324.0
80,10000,1661.0
80,15000,2545.0
80,16093.4,2744.0
80,20000,3454.0
80,21097.5,3654.0
80,25000,4395.0
80,30000,5344.0
80,42195.0,7658.0
81,1500,211.9
81,1609.34,228.7
81,3000,452.5
81,3218.69,488.9
81,5000,789.0
81,8000,1302.0
81,8045.47,1310.0
81,10000,1644.0
81,15000,2518.0
81,16093.4,2715.0
81,20000,3418.0
81,21097.5,3615.0
81,25000,4348.0
81,30000,5287.0
81,42195.0,7577.0
82,1500,209.7
82,1609.34,226.4
82,3000,447.8
82,3218.69,483.7
82,5000,781.0
82,8000,1289.0
82,8045.47,1297.0
82,10000,1627.0
82,15000,2492.0
82,16093.4,2687.0
82,20000,3383.0
82,21097.5,3578.0
82,25000,4303.0
82,30000,5232.0
82,42195.0,7497.0
83,1500,207.6
83,1609.34,224.1
83,3000,443.1
83,3218.69,478.7
83,5000,773.0
83,8000,1276.0
83,8045.47,1284.0
83,10000,1611.0
83,15000,2466.0
83,16093.4,2659.0
83,20000,3348.0
83,21097.5,3541.0
83,25000,4259.0
83,30000,5178.0
83,42195.0,7420.0
84,1500,205.5
84,1609.34,221.8
84,3000,438.5
84,3218.69,473.7
84,5000,765.0
84,8000,1262.0
84,8045.47,1270.0
84,10000,1594.0
84,15000,2442.0
84,16093.4,2633.0
84,20000,3314.0
84,21097.5,3505.0
84,25000,4215.0
84,30000,5125.0
84,42195.0,7344.0
85,1500,203.5
85,1609.34,219.6
85,3000,434.1
85,3218.69,468.9
85,5000,757.0
85,8000,1250.0
85,8045.47,1258.0
85,10000,1579.0
85,15000,2417.0
85,16093.4,2606.0
85,20000,3280.0
85,21097.5,3470.0
85,25000,4173.0
85,30000,5073.0
85,42195.0,7270.0
