﻿活动类型,类型Key,日期,标题,距离km,时长,移动时长,平均配速min/km,热量,平均心率,最大心率,步数,累计爬升m,累计下降m,事件类型,活动ID
跑步,running,2027-08-08 07:05:00,W1 Sun LR9(E),9.02,01:03:20,01:01:10,06:47,612,136,151,15840,34,33,跑步,900000011
跑步,running,2027-08-06 06:40:00,W1 Fri R4,4.0,00:29:00,00:28:00,07:00,261,126,139,7120,8,8,跑步,900000006
跑步,running,2027-08-05 06:45:00,W1 Thu E5,5.01,00:34:30,00:34:05,06:48,343,133,146,8820,12,11,跑步,900000005
跑步,running,2027-08-03 06:50:00,W1 Tue E5,5.0,00:34:40,00:34:20,06:52,338,132,148,8800,10,10,跑步,900000004
力量训练,strength_training,2027-08-01 18:10:00,W0 Sat 力量B 上肢/核心/小腿,,00:52:00,,,286,,,,,,力量训练,900000003
抱石,bouldering,2027-07-31 19:20:00,周六抱石,,01:30:00,00:00:00,,,,,,,,室内攀岩,900000002
操场跑步,track_running,2027-07-30 06:30:00,W0 Thu 300/100×18,6.7,00:41:00,00:33:00,04:56,510,148,176,11800,6,6,田径场跑步,900000001
力量训练,strength_training,2027-07-28 18:00:00,W0 Wed 力量A 下肢,,00:55:00,,,298,,,,,,力量训练,900000000
骑行,cycling,2027-07-26 08:00:00,晨骑,20.4,01:02:00,00:58:00,,488,118,138,,45,44,骑行,900000010
